,City,State,2022 Estimate,2020 Census,Percent Change,2020 land area in sq mi,2020 land area in sq km,2020 population density per sq mi,2020 population density per sq km,Location
1,New York,New York,8335897.0,8804190.0,−5.32,300.5,778.3,29298.0,11312.0,40°40′N 73°56′W﻿ / ﻿40.66°N 73.94°W﻿ / 40.66; -73.94﻿ (New York City)
2,Los Angeles,California,3822238.0,3898747.0,−1.96,469.5,1216.0,8304.0,3206.0,34°01′N 118°25′W﻿ / ﻿34.02°N 118.41°W﻿ / 34.02; -118.41﻿ (Los Angeles)
3,Chicago,Illinois,2665039.0,2746388.0,−2.96,227.7,589.7,12061.0,4657.0,41°50′N 87°41′W﻿ / ﻿41.84°N 87.68°W﻿ / 41.84; -87.68﻿ (Chicago)
4,Houston,Texas,2302878.0,2304580.0,−0.07,640.4,1658.6,3599.0,1390.0,29°47′N 95°23′W﻿ / ﻿29.79°N 95.39°W﻿ / 29.79; -95.39﻿ (Houston)
5,Phoenix,Arizona,1644409.0,1608139.0,+2.26,518.0,1341.6,3105.0,1199.0,33°34′N 112°05′W﻿ / ﻿33.57°N 112.09°W﻿ / 33.57; -112.09﻿ (Phoenix)
6,Philadelphia,Pennsylvania,1567258.0,1603797.0,−2.28,134.4,348.1,11933.0,4607.0,40°01′N 75°08′W﻿ / ﻿40.01°N 75.13°W﻿ / 40.01; -75.13﻿ (Philadelphia)
7,San Antonio,Texas,1472909.0,1434625.0,+2.67,498.8,1291.9,2876.0,1110.0,29°28′N 98°31′W﻿ / ﻿29.46°N 98.52°W﻿ / 29.46; -98.52﻿ (San Antonio)
8,San Diego,California,1381162.0,1386932.0,−0.42,325.9,844.1,4256.0,1643.0,32°49′N 117°08′W﻿ / ﻿32.81°N 117.14°W﻿ / 32.81; -117.14﻿ (San Diego)
9,Dallas,Texas,1299544.0,1304379.0,−0.37,339.6,879.6,3841.0,1483.0,32°47′N 96°46′W﻿ / ﻿32.79°N 96.77°W﻿ / 32.79; -96.77﻿ (Dallas)
10,Austin,Texas,974447.0,961855.0,+1.31,319.9,828.5,3007.0,1161.0,30°18′N 97°45′W﻿ / ﻿30.30°N 97.75°W﻿ / 30.30; -97.75﻿ (Austin)
11,Jacksonville,Florida,971319.0,949611.0,+2.29,747.3,1935.5,1271.0,491.0,30°20′N 81°40′W﻿ / ﻿30.34°N 81.66°W﻿ / 30.34; -81.66﻿ (Jacksonville)
12,San Jose,California,971233.0,1013240.0,−4.15,178.3,461.8,5683.0,2194.0,37°18′N 121°49′W﻿ / ﻿37.30°N 121.81°W﻿ / 37.30; -121.81﻿ (San Jose)
13,Fort Worth,Texas,956709.0,918915.0,+4.11,347.3,899.5,2646.0,1022.0,32°47′N 97°21′W﻿ / ﻿32.78°N 97.35°W﻿ / 32.78; -97.35﻿ (Fort Worth)
14,Columbus,Ohio,907971.0,905748.0,+0.25,220.0,569.8,4117.0,1590.0,39°59′N 82°59′W﻿ / ﻿39.99°N 82.99°W﻿ / 39.99; -82.99﻿ (Columbus)
15,Charlotte,North Carolina,897720.0,874579.0,+2.65,308.3,798.5,2837.0,1095.0,35°13′N 80°50′W﻿ / ﻿35.21°N 80.83°W﻿ / 35.21; -80.83﻿ (Charlotte)
16,Indianapolis,Indiana,880621.0,887642.0,−0.79,361.6,936.5,2455.0,948.0,39°47′N 86°09′W﻿ / ﻿39.78°N 86.15°W﻿ / 39.78; -86.15﻿ (Indianapolis)
17,San Francisco,California,808437.0,873965.0,−7.50,46.9,121.5,18635.0,7195.0,37°44′N 123°02′W﻿ / ﻿37.73°N 123.03°W﻿ / 37.73; -123.03﻿ (San Francisco)
18,Seattle,Washington,749256.0,737015.0,+1.66,83.8,217.0,8795.0,3396.0,47°37′N 122°21′W﻿ / ﻿47.62°N 122.35°W﻿ / 47.62; -122.35﻿ (Seattle)
19,Denver,Colorado,713252.0,715522.0,−0.32,153.1,396.5,4674.0,1805.0,39°46′N 104°53′W﻿ / ﻿39.76°N 104.88°W﻿ / 39.76; -104.88﻿ (Denver)
20,Oklahoma City,Oklahoma,694800.0,681054.0,+2.02,606.2,1570.1,1123.0,434.0,35°28′N 97°31′W﻿ / ﻿35.47°N 97.51°W﻿ / 35.47; -97.51﻿ (Oklahoma City)
21,Nashville,Tennessee,683622.0,689447.0,−0.84,475.8,1232.3,1449.0,559.0,36°10′N 86°47′W﻿ / ﻿36.17°N 86.79°W﻿ / 36.17; -86.79﻿ (Nashville)
22,El Paso,Texas,677456.0,678815.0,−0.20,258.4,669.3,2627.0,1014.0,31°51′N 106°26′W﻿ / ﻿31.85°N 106.43°W﻿ / 31.85; -106.43﻿ (El Paso)
23,Washington,District of Columbia,671803.0,689545.0,−2.57,61.1,158.2,11286.0,4358.0,"38°54′N 77°01′W﻿ / ﻿38.90°N 77.02°W﻿ / 38.90; -77.02﻿ (Washington, D.C.)"
24,Las Vegas,Nevada,656274.0,641903.0,+2.24,141.8,367.3,4527.0,1748.0,36°14′N 115°16′W﻿ / ﻿36.23°N 115.26°W﻿ / 36.23; -115.26﻿ (Las Vegas)
25,Boston,Massachusetts,650706.0,675647.0,−3.69,48.3,125.1,13989.0,5401.0,42°20′N 71°01′W﻿ / ﻿42.34°N 71.02°W﻿ / 42.34; -71.02﻿ (Boston)
26,Portland,Oregon,635067.0,652503.0,−2.67,133.5,345.8,4888.0,1887.0,45°32′N 122°39′W﻿ / ﻿45.54°N 122.65°W﻿ / 45.54; -122.65﻿ (Portland)
27,Louisville,Kentucky,624444.0,633045.0,−1.36,324.9,841.5,1948.0,752.0,38°10′N 85°39′W﻿ / ﻿38.17°N 85.65°W﻿ / 38.17; -85.65﻿ (Louisville)
28,Memphis,Tennessee,621056.0,633104.0,−1.90,297.0,769.2,2132.0,823.0,35°07′N 89°58′W﻿ / ﻿35.11°N 89.97°W﻿ / 35.11; -89.97﻿ (Memphis)
29,Detroit,Michigan,620376.0,639111.0,−2.93,138.7,359.2,4608.0,1779.0,42°23′N 83°06′W﻿ / ﻿42.38°N 83.10°W﻿ / 42.38; -83.10﻿ (Detroit)
30,Baltimore,Maryland,569931.0,585708.0,−2.69,80.9,209.5,7240.0,2800.0,39°18′N 76°37′W﻿ / ﻿39.30°N 76.61°W﻿ / 39.30; -76.61﻿ (Baltimore)
31,Milwaukee,Wisconsin,563305.0,577222.0,−2.41,96.2,249.2,6000.0,2300.0,43°04′N 87°58′W﻿ / ﻿43.06°N 87.97°W﻿ / 43.06; -87.97﻿ (Milwaukee)
32,Albuquerque,New Mexico,561008.0,564559.0,−0.63,187.3,485.1,3014.0,1164.0,35°06′N 106°39′W﻿ / ﻿35.10°N 106.65°W﻿ / 35.10; -106.65﻿ (Albuquerque)
33,Tucson,Arizona,546574.0,542629.0,+0.73,241.0,624.2,2252.0,870.0,32°09′N 110°52′W﻿ / ﻿32.15°N 110.87°W﻿ / 32.15; -110.87﻿ (Tucson)
34,Fresno,California,545567.0,542107.0,+0.64,115.2,298.4,4706.0,1817.0,36°47′N 119°47′W﻿ / ﻿36.78°N 119.79°W﻿ / 36.78; -119.79﻿ (Fresno)
35,Sacramento,California,528001.0,524943.0,+0.58,98.6,255.4,5324.0,2056.0,38°34′N 121°28′W﻿ / ﻿38.57°N 121.47°W﻿ / 38.57; -121.47﻿ (Sacramento)
36,Mesa,Arizona,512498.0,504258.0,+1.63,138.7,359.2,3636.0,1404.0,33°24′N 111°43′W﻿ / ﻿33.40°N 111.72°W﻿ / 33.40; -111.72﻿ (Mesa)
37,Kansas City,Missouri,509297.0,508090.0,+0.24,314.7,815.1,1615.0,624.0,"39°07′N 94°34′W﻿ / ﻿39.12°N 94.56°W﻿ / 39.12; -94.56﻿ (Kansas City, MO)"
38,Atlanta,Georgia,499127.0,498715.0,+0.08,135.3,350.4,3686.0,1423.0,33°46′N 84°25′W﻿ / ﻿33.76°N 84.42°W﻿ / 33.76; -84.42﻿ (Atlanta)
39,Colorado Springs,Colorado,486248.0,478961.0,+1.52,195.4,506.1,2451.0,946.0,38°52′N 104°46′W﻿ / ﻿38.87°N 104.76°W﻿ / 38.87; -104.76﻿ (Colorado Springs)
40,Omaha,Nebraska,485153.0,486051.0,−0.18,141.6,366.7,3433.0,1325.0,41°16′N 96°03′W﻿ / ﻿41.26°N 96.05°W﻿ / 41.26; -96.05﻿ (Omaha)
41,Raleigh,North Carolina,476587.0,467665.0,+1.91,147.1,381.0,3179.0,1227.0,35°50′N 78°38′W﻿ / ﻿35.83°N 78.64°W﻿ / 35.83; -78.64﻿ (Raleigh)
42,Virginia Beach,Virginia,455618.0,459470.0,−0.84,244.7,633.8,1878.0,725.0,36°47′N 76°02′W﻿ / ﻿36.78°N 76.03°W﻿ / 36.78; -76.03﻿ (Virginia Beach)
43,Long Beach,California,451307.0,466742.0,−3.31,50.7,131.3,9206.0,3554.0,33°47′N 118°10′W﻿ / ﻿33.78°N 118.17°W﻿ / 33.78; -118.17﻿ (Long Beach)
44,Miami,Florida,449514.0,442241.0,+1.64,36.0,93.2,12284.0,4743.0,25°47′N 80°13′W﻿ / ﻿25.78°N 80.21°W﻿ / 25.78; -80.21﻿ (Miami)
45,Oakland,California,430553.0,440646.0,−2.29,55.9,144.8,7883.0,3044.0,37°46′N 122°14′W﻿ / ﻿37.77°N 122.23°W﻿ / 37.77; -122.23﻿ (Oakland)
46,Minneapolis,Minnesota,425096.0,429954.0,−1.13,54.0,139.9,7962.0,3074.0,44°58′N 93°16′W﻿ / ﻿44.96°N 93.27°W﻿ / 44.96; -93.27﻿ (Minneapolis)
47,Tulsa,Oklahoma,411867.0,413066.0,−0.29,197.5,511.5,2091.0,807.0,36°08′N 95°54′W﻿ / ﻿36.13°N 95.90°W﻿ / 36.13; -95.90﻿ (Tulsa)
48,Bakersfield,California,410647.0,403455.0,+1.78,149.8,388.0,2693.0,1040.0,35°21′N 119°02′W﻿ / ﻿35.35°N 119.04°W﻿ / 35.35; -119.04﻿ (Bakersfield)
49,Tampa,Florida,398173.0,384959.0,+3.43,114.0,295.3,3377.0,1304.0,27°58′N 82°28′W﻿ / ﻿27.97°N 82.47°W﻿ / 27.97; -82.47﻿ (Tampa)
50,Wichita,Kansas,396192.0,397532.0,−0.34,162.0,419.6,2454.0,947.0,37°41′N 97°21′W﻿ / ﻿37.69°N 97.35°W﻿ / 37.69; -97.35﻿ (Wichita)
51,Arlington,Texas,394602.0,394266.0,+0.09,95.9,248.4,4111.0,1587.0,32°42′N 97°07′W﻿ / ﻿32.70°N 97.12°W﻿ / 32.70; -97.12﻿ (Arlington)
52,Aurora,Colorado,393537.0,386261.0,+1.88,160.1,414.7,2413.0,932.0,39°42′N 104°43′W﻿ / ﻿39.70°N 104.72°W﻿ / 39.70; -104.72﻿ (Aurora)
53,New Orleans,Louisiana,369749.0,383997.0,−3.71,169.5,439.0,2265.0,875.0,30°03′N 89°56′W﻿ / ﻿30.05°N 89.93°W﻿ / 30.05; -89.93﻿ (New Orleans)
54,Cleveland,Ohio,361607.0,372624.0,−2.96,77.7,201.2,4796.0,1852.0,41°29′N 81°41′W﻿ / ﻿41.48°N 81.68°W﻿ / 41.48; -81.68﻿ (Cleveland)
55,Anaheim,California,344461.0,346824.0,−0.68,50.3,130.3,6895.0,2662.0,33°52′N 117°46′W﻿ / ﻿33.86°N 117.76°W﻿ / 33.86; -117.76﻿ (Anaheim)
56,Honolulu,Hawaii,343421.0,350964.0,−2.15,60.5,156.7,5801.0,2240.0,21°19′N 157°51′W﻿ / ﻿21.32°N 157.85°W﻿ / 21.32; -157.85﻿ (Honolulu)
57,Henderson,Nevada,331415.0,317610.0,+4.35,106.2,275.1,2991.0,1155.0,36°01′N 115°02′W﻿ / ﻿36.01°N 115.04°W﻿ / 36.01; -115.04﻿ (Henderson)
58,Stockton,California,321819.0,320804.0,+0.32,62.2,161.1,5158.0,1992.0,37°59′N 121°19′W﻿ / ﻿37.98°N 121.31°W﻿ / 37.98; -121.31﻿ (Stockton)
59,Riverside,California,320764.0,314998.0,+1.83,81.2,210.3,3879.0,1498.0,33°56′N 117°23′W﻿ / ﻿33.94°N 117.39°W﻿ / 33.94; -117.39﻿ (Riverside)
60,Lexington,Kentucky,320347.0,322570.0,−0.69,283.6,734.5,1137.0,439.0,38°02′N 84°28′W﻿ / ﻿38.04°N 84.46°W﻿ / 38.04; -84.46﻿ (Lexington)
61,Corpus Christi,Texas,316239.0,317863.0,−0.51,162.2,420.1,1960.0,760.0,27°45′N 97°10′W﻿ / ﻿27.75°N 97.17°W﻿ / 27.75; -97.17﻿ (Corpus Christi)
62,Orlando,Florida,316081.0,307573.0,+2.77,110.6,286.5,2781.0,1074.0,28°25′N 81°15′W﻿ / ﻿28.41°N 81.25°W﻿ / 28.41; -81.25﻿ (Orlando)
63,Irvine,California,313685.0,307670.0,+1.96,65.6,169.9,4690.0,1810.0,33°41′N 117°46′W﻿ / ﻿33.68°N 117.77°W﻿ / 33.68; -117.77﻿ (Irvine)
64,Cincinnati,Ohio,309513.0,309317.0,+0.06,77.8,201.5,3976.0,1535.0,39°08′N 84°31′W﻿ / ﻿39.14°N 84.51°W﻿ / 39.14; -84.51﻿ (Cincinnati)
65,Santa Ana,California,308189.0,310227.0,−0.66,27.3,70.7,11364.0,4388.0,33°44′N 117°53′W﻿ / ﻿33.74°N 117.88°W﻿ / 33.74; -117.88﻿ (Santa Ana)
66,Newark,New Jersey,305344.0,311549.0,−1.99,24.1,62.4,12927.0,4991.0,40°43′N 74°10′W﻿ / ﻿40.72°N 74.17°W﻿ / 40.72; -74.17﻿ (Newark)
67,Saint Paul,Minnesota,303176.0,311527.0,−2.68,52.0,134.7,5991.0,2313.0,44°57′N 93°06′W﻿ / ﻿44.95°N 93.10°W﻿ / 44.95; -93.10﻿ (Saint Paul)
68,Pittsburgh,Pennsylvania,302898.0,302971.0,−0.02,55.4,143.5,5469.0,2112.0,40°26′N 79°59′W﻿ / ﻿40.44°N 79.98°W﻿ / 40.44; -79.98﻿ (Pittsburgh)
69,Greensboro,North Carolina,301115.0,299035.0,+0.70,129.6,335.7,2307.0,891.0,36°06′N 79°50′W﻿ / ﻿36.10°N 79.83°W﻿ / 36.10; -79.83﻿ (Greensboro)
70,Lincoln,Nebraska,292627.0,291082.0,+0.53,97.7,253.0,2979.0,1150.0,40°49′N 96°41′W﻿ / ﻿40.81°N 96.68°W﻿ / 40.81; -96.68﻿ (Lincoln)
71,Durham,North Carolina,291928.0,283506.0,+2.97,112.8,292.2,2513.0,970.0,35°59′N 78°54′W﻿ / ﻿35.98°N 78.90°W﻿ / 35.98; -78.90﻿ (Durham)
72,Plano,Texas,289547.0,285494.0,+1.42,71.7,185.7,3982.0,1537.0,33°03′N 96°45′W﻿ / ﻿33.05°N 96.75°W﻿ / 33.05; -96.75﻿ (Plano)
73,Anchorage,Alaska,287145.0,291247.0,−1.41,1706.8,4420.6,171.0,66.0,61°10′N 149°17′W﻿ / ﻿61.17°N 149.28°W﻿ / 61.17; -149.28﻿ (Anchorage)
74,Jersey City,New Jersey,286670.0,292449.0,−1.98,14.7,38.1,19894.0,7681.0,40°43′N 74°04′W﻿ / ﻿40.71°N 74.06°W﻿ / 40.71; -74.06﻿ (Jersey City)
75,St. Louis,Missouri,286578.0,301578.0,−4.97,61.7,159.8,4888.0,1887.0,38°38′N 90°14′W﻿ / ﻿38.64°N 90.24°W﻿ / 38.64; -90.24﻿ (St. Louis)
76,Chandler,Arizona,280711.0,275987.0,+1.71,65.3,169.1,4226.0,1632.0,33°17′N 111°51′W﻿ / ﻿33.28°N 111.85°W﻿ / 33.28; -111.85﻿ (Chandler)
77,North Las Vegas,Nevada,280543.0,262527.0,+6.86,101.3,262.4,2592.0,1001.0,36°17′N 115°05′W﻿ / ﻿36.28°N 115.09°W﻿ / 36.28; -115.09﻿ (North Las Vegas)
78,Chula Vista,California,279170.0,275487.0,+1.34,49.6,128.5,5554.0,2144.0,32°38′N 117°01′W﻿ / ﻿32.63°N 117.02°W﻿ / 32.63; -117.02﻿ (Chula Vista)
79,Buffalo,New York,276486.0,278349.0,−0.67,40.4,104.6,6890.0,2660.0,42°53′N 78°52′W﻿ / ﻿42.89°N 78.86°W﻿ / 42.89; -78.86﻿ (Buffalo)
80,Gilbert,Arizona,275346.0,267918.0,+2.77,68.6,177.7,3906.0,1508.0,33°19′N 111°44′W﻿ / ﻿33.31°N 111.74°W﻿ / 33.31; -111.74﻿ (Gilbert)
81,Reno,Nevada,273448.0,264165.0,+3.51,108.8,281.8,2428.0,937.0,39°33′N 119°51′W﻿ / ﻿39.55°N 119.85°W﻿ / 39.55; -119.85﻿ (Reno)
82,Madison,Wisconsin,272903.0,269840.0,+1.14,79.6,206.2,3390.0,1310.0,43°05′N 89°26′W﻿ / ﻿43.09°N 89.43°W﻿ / 43.09; -89.43﻿ (Madison)
83,Fort Wayne,Indiana,267927.0,263886.0,+1.53,110.7,286.7,2384.0,920.0,41°05′N 85°08′W﻿ / ﻿41.09°N 85.14°W﻿ / 41.09; -85.14﻿ (Fort Wayne)
84,Toledo,Ohio,266301.0,270871.0,−1.69,80.5,208.5,3365.0,1299.0,41°40′N 83°35′W﻿ / ﻿41.66°N 83.58°W﻿ / 41.66; -83.58﻿ (Toledo)
85,Lubbock,Texas,263930.0,257141.0,+2.64,134.6,348.6,1910.0,740.0,33°34′N 101°53′W﻿ / ﻿33.57°N 101.89°W﻿ / 33.57; -101.89﻿ (Lubbock)
86,St. Petersburg,Florida,261256.0,258308.0,+1.14,61.8,160.1,4180.0,1610.0,27°46′N 82°38′W﻿ / ﻿27.77°N 82.64°W﻿ / 27.77; -82.64﻿ (St. Petersburg)
87,Laredo,Texas,256187.0,255205.0,+0.38,106.5,275.8,2396.0,925.0,27°34′N 99°29′W﻿ / ﻿27.56°N 99.49°W﻿ / 27.56; -99.49﻿ (Laredo)
88,Irving,Texas,254715.0,256684.0,−0.77,67.0,173.5,3831.0,1479.0,32°52′N 96°58′W﻿ / ﻿32.86°N 96.97°W﻿ / 32.86; -96.97﻿ (Irving)
89,Chesapeake,Virginia,252488.0,249422.0,+1.23,338.5,876.7,737.0,285.0,36°41′N 76°18′W﻿ / ﻿36.68°N 76.30°W﻿ / 36.68; -76.30﻿ (Chesapeake)
90,Glendale,Arizona,252136.0,248325.0,+1.53,61.6,159.5,4031.0,1556.0,33°32′N 112°11′W﻿ / ﻿33.53°N 112.19°W﻿ / 33.53; -112.19﻿ (Glendale)
91,Winston-Salem,North Carolina,251350.0,249545.0,+0.72,132.7,343.7,1881.0,726.0,36°06′N 80°16′W﻿ / ﻿36.10°N 80.26°W﻿ / 36.10; -80.26﻿ (Winston-Salem)
92,Scottsdale,Arizona,243050.0,241361.0,+0.70,184.0,476.6,1312.0,507.0,33°41′N 111°52′W﻿ / ﻿33.68°N 111.86°W﻿ / 33.68; -111.86﻿ (Scottsdale)
93,Garland,Texas,240854.0,246018.0,−2.10,57.1,147.9,4309.0,1664.0,32°55′N 96°38′W﻿ / ﻿32.91°N 96.63°W﻿ / 32.91; -96.63﻿ (Garland)
94,Boise,Idaho,236634.0,235684.0,+0.40,84.0,217.6,2806.0,1083.0,43°36′N 116°14′W﻿ / ﻿43.60°N 116.23°W﻿ / 43.60; -116.23﻿ (Boise)
95,Norfolk,Virginia,232995.0,238005.0,−2.10,53.3,138.0,4465.0,1724.0,36°55′N 76°14′W﻿ / ﻿36.92°N 76.24°W﻿ / 36.92; -76.24﻿ (Norfolk)
96,Port St. Lucie,Florida,231790.0,204851.0,+13.15,119.2,308.7,1719.0,664.0,27°17′N 80°23′W﻿ / ﻿27.28°N 80.39°W﻿ / 27.28; -80.39﻿ (Port St. Lucie)
97,Spokane,Washington,230160.0,228989.0,+0.51,68.8,178.2,3328.0,1285.0,47°40′N 117°26′W﻿ / ﻿47.67°N 117.43°W﻿ / 47.67; -117.43﻿ (Spokane)
98,Richmond,Virginia,229395.0,226610.0,+1.23,59.9,155.1,3783.0,1461.0,37°32′N 77°29′W﻿ / ﻿37.53°N 77.48°W﻿ / 37.53; -77.48﻿ (Richmond)
99,Fremont,California,223871.0,230504.0,−2.88,78.3,202.8,2944.0,1137.0,37°29′N 121°56′W﻿ / ﻿37.49°N 121.94°W﻿ / 37.49; -121.94﻿ (Fremont)
100,Huntsville,Alabama,221933.0,215006.0,+3.22,218.1,564.9,986.0,381.0,34°47′N 86°32′W﻿ / ﻿34.78°N 86.53°W﻿ / 34.78; -86.53﻿ (Huntsville)
101,Tacoma,Washington,221776.0,219346.0,+1.11,49.7,128.7,4413.0,1704.0,47°15′N 122°28′W﻿ / ﻿47.25°N 122.46°W﻿ / 47.25; -122.46﻿ (Tacoma)
102,Baton Rouge,Louisiana,221453.0,227470.0,−2.65,86.3,223.5,2636.0,1018.0,30°26′N 91°08′W﻿ / ﻿30.44°N 91.13°W﻿ / 30.44; -91.13﻿ (Baton Rouge)
103,Santa Clarita,California,221345.0,228673.0,−3.20,70.8,183.4,3230.0,1250.0,34°25′N 118°29′W﻿ / ﻿34.41°N 118.49°W﻿ / 34.41; -118.49﻿ (Santa Clarita)
104,San Bernardino,California,220328.0,222101.0,−0.80,62.1,160.8,3577.0,1381.0,34°08′N 117°17′W﻿ / ﻿34.14°N 117.29°W﻿ / 34.14; -117.29﻿ (San Bernardino)
105,Hialeah,Florida,220292.0,223109.0,−1.26,21.6,55.9,10329.0,3988.0,25°52′N 80°18′W﻿ / ﻿25.87°N 80.30°W﻿ / 25.87; -80.30﻿ (Hialeah)
106,Frisco,Texas,219587.0,200509.0,+9.51,68.6,177.7,2923.0,1129.0,33°10′N 96°49′W﻿ / ﻿33.16°N 96.82°W﻿ / 33.16; -96.82﻿ (Frisco)
107,Modesto,California,218069.0,218464.0,−0.18,43.0,111.4,5081.0,1962.0,37°38′N 121°00′W﻿ / ﻿37.64°N 121.00°W﻿ / 37.64; -121.00﻿ (Modesto)
108,Cape Coral,Florida,216992.0,194016.0,+11.84,106.0,274.5,1830.0,710.0,26°39′N 81°59′W﻿ / ﻿26.65°N 81.99°W﻿ / 26.65; -81.99﻿ (Cape Coral)
109,Fontana,California,212475.0,208393.0,+1.96,43.1,111.6,4835.0,1867.0,34°07′N 117°28′W﻿ / ﻿34.11°N 117.46°W﻿ / 34.11; -117.46﻿ (Fontana)
110,Moreno Valley,California,211924.0,208634.0,+1.58,51.3,132.9,4067.0,1570.0,33°55′N 117°13′W﻿ / ﻿33.92°N 117.21°W﻿ / 33.92; -117.21﻿ (Moreno Valley)
111,Des Moines,Iowa,211034.0,214133.0,−1.45,88.2,228.4,2428.0,937.0,41°34′N 93°37′W﻿ / ﻿41.57°N 93.61°W﻿ / 41.57; -93.61﻿ (Des Moines)
112,Rochester,New York,209352.0,211328.0,−0.94,35.8,92.7,5903.0,2279.0,43°10′N 77°37′W﻿ / ﻿43.17°N 77.62°W﻿ / 43.17; -77.62﻿ (Rochester)
113,Fayetteville,North Carolina,208873.0,208501.0,+0.18,148.3,384.1,1406.0,543.0,35°05′N 78°58′W﻿ / ﻿35.08°N 78.97°W﻿ / 35.08; -78.97﻿ (Fayetteville)
114,Yonkers,New York,208121.0,211569.0,−1.63,18.0,46.6,11754.0,4538.0,40°57′N 73°52′W﻿ / ﻿40.95°N 73.87°W﻿ / 40.95; -73.87﻿ (Yonkers)
115,McKinney,Texas,207507.0,195308.0,+6.25,67.0,173.5,2915.0,1125.0,33°12′N 96°40′W﻿ / ﻿33.20°N 96.66°W﻿ / 33.20; -96.66﻿ (McKinney)
116,Worcester,Massachusetts,205319.0,206518.0,−0.58,37.4,96.9,5522.0,2132.0,42°16′N 71°49′W﻿ / ﻿42.27°N 71.81°W﻿ / 42.27; -71.81﻿ (Worcester)
117,Salt Lake City,Utah,204657.0,199723.0,+2.47,110.3,285.7,1811.0,699.0,40°47′N 111°56′W﻿ / ﻿40.78°N 111.93°W﻿ / 40.78; -111.93﻿ (Salt Lake City)
118,Little Rock,Arkansas,202864.0,202591.0,+0.13,120.0,310.8,1688.0,652.0,34°43′N 92°22′W﻿ / ﻿34.72°N 92.36°W﻿ / 34.72; -92.36﻿ (Little Rock)
119,Columbus,Georgia,202616.0,206922.0,−2.08,216.5,560.7,956.0,369.0,32°31′N 84°52′W﻿ / ﻿32.51°N 84.87°W﻿ / 32.51; -84.87﻿ (Columbus)
120,Augusta,Georgia,202096.0,202081.0,+0.01,302.3,783.0,668.0,258.0,33°22′N 82°04′W﻿ / ﻿33.37°N 82.07°W﻿ / 33.37; -82.07﻿ (Augusta)
121,Sioux Falls,South Dakota,202078.0,192517.0,+4.97,79.1,204.9,2434.0,940.0,43°32′N 96°44′W﻿ / ﻿43.54°N 96.73°W﻿ / 43.54; -96.73﻿ (Sioux Falls)
122,Grand Prairie,Texas,201843.0,196100.0,+2.93,72.6,188.0,2701.0,1043.0,32°41′N 97°01′W﻿ / ﻿32.69°N 97.02°W﻿ / 32.69; -97.02﻿ (Grand Prairie)
123,Tallahassee,Florida,201731.0,196169.0,+2.84,100.9,261.3,1944.0,751.0,30°28′N 84°15′W﻿ / ﻿30.46°N 84.25°W﻿ / 30.46; -84.25﻿ (Tallahassee)
124,Amarillo,Texas,201291.0,200393.0,+0.45,102.3,265.0,1959.0,756.0,35°12′N 101°50′W﻿ / ﻿35.20°N 101.83°W﻿ / 35.20; -101.83﻿ (Amarillo)
125,Oxnard,California,200415.0,202063.0,−0.82,26.5,68.6,7625.0,2944.0,34°12′N 119°13′W﻿ / ﻿34.20°N 119.21°W﻿ / 34.20; -119.21﻿ (Oxnard)
126,Peoria,Arizona,197866.0,190985.0,+3.60,176.1,456.1,1085.0,419.0,33°47′N 112°19′W﻿ / ﻿33.79°N 112.31°W﻿ / 33.79; -112.31﻿ (Peoria)
127,Overland Park,Kansas,197726.0,197238.0,+0.25,75.2,194.8,2623.0,1013.0,38°53′N 94°41′W﻿ / ﻿38.89°N 94.69°W﻿ / 38.89; -94.69﻿ (Overland Park)
128,Montgomery,Alabama,196986.0,200603.0,−1.80,159.9,414.1,1255.0,485.0,32°21′N 86°16′W﻿ / ﻿32.35°N 86.27°W﻿ / 32.35; -86.27﻿ (Montgomery)
129,Birmingham,Alabama,196910.0,200733.0,−1.90,147.0,380.7,1366.0,527.0,33°32′N 86°48′W﻿ / ﻿33.53°N 86.80°W﻿ / 33.53; -86.80﻿ (Birmingham)
130,Grand Rapids,Michigan,196908.0,198917.0,−1.01,44.8,116.0,4440.0,1710.0,42°58′N 85°40′W﻿ / ﻿42.96°N 85.66°W﻿ / 42.96; -85.66﻿ (Grand Rapids)
131,Knoxville,Tennessee,195889.0,190740.0,+2.70,98.7,255.6,1933.0,746.0,35°58′N 83°57′W﻿ / ﻿35.97°N 83.95°W﻿ / 35.97; -83.95﻿ (Knoxville)
132,Vancouver,Washington,194512.0,190915.0,+1.88,48.7,126.1,3920.0,1510.0,45°38′N 122°36′W﻿ / ﻿45.64°N 122.60°W﻿ / 45.64; -122.60﻿ (Vancouver)
133,Huntington Beach,California,194310.0,198711.0,−2.21,27.0,69.9,7360.0,2840.0,33°42′N 118°00′W﻿ / ﻿33.70°N 118.00°W﻿ / 33.70; -118.00﻿ (Huntington Beach)
134,Providence,Rhode Island,189563.0,190934.0,−0.72,18.4,47.7,10377.0,4007.0,41°49′N 71°25′W﻿ / ﻿41.82°N 71.42°W﻿ / 41.82; -71.42﻿ (Providence)
135,Brownsville,Texas,189382.0,186738.0,+1.42,131.5,340.6,1420.0,550.0,26°00′N 97°27′W﻿ / ﻿26.00°N 97.45°W﻿ / 26.00; -97.45﻿ (Brownsville)
136,Glendale,California,189221.0,196543.0,−3.73,30.5,79.0,6444.0,2488.0,34°11′N 118°15′W﻿ / ﻿34.18°N 118.25°W﻿ / 34.18; -118.25﻿ (Glendale)
137,Akron,Ohio,188509.0,190469.0,−1.03,61.9,160.3,3077.0,1188.0,41°05′N 81°31′W﻿ / ﻿41.08°N 81.52°W﻿ / 41.08; -81.52﻿ (Akron)
138,Tempe,Arizona,185950.0,180587.0,+2.97,39.9,103.3,4526.0,1747.0,33°23′N 111°56′W﻿ / ﻿33.39°N 111.93°W﻿ / 33.39; -111.93﻿ (Tempe)
139,Newport News,Virginia,184306.0,186247.0,−1.04,69.0,178.7,2699.0,1042.0,37°05′N 76°31′W﻿ / ﻿37.08°N 76.52°W﻿ / 37.08; -76.52﻿ (Newport News)
140,Chattanooga,Tennessee,184086.0,181099.0,+1.65,142.4,368.8,1272.0,491.0,35°04′N 85°15′W﻿ / ﻿35.07°N 85.25°W﻿ / 35.07; -85.25﻿ (Chattanooga)
141,Mobile,Alabama,183289.0,187041.0,−2.01,139.5,361.3,1341.0,518.0,30°40′N 88°06′W﻿ / ﻿30.67°N 88.10°W﻿ / 30.67; -88.10﻿ (Mobile)
142,Fort Lauderdale,Florida,183146.0,182760.0,+0.21,34.6,89.6,5282.0,2039.0,26°08′N 80°09′W﻿ / ﻿26.14°N 80.15°W﻿ / 26.14; -80.15﻿ (Fort Lauderdale)
143,Cary,North Carolina,180388.0,174721.0,+3.24,59.2,153.3,2951.0,1139.0,35°47′N 78°49′W﻿ / ﻿35.78°N 78.82°W﻿ / 35.78; -78.82﻿ (Cary)
144,Shreveport,Louisiana,180153.0,187593.0,−3.97,107.8,279.2,1740.0,670.0,32°28′N 93°47′W﻿ / ﻿32.47°N 93.79°W﻿ / 32.47; -93.79﻿ (Shreveport)
145,Ontario,California,179061.0,175265.0,+2.17,50.0,129.5,3505.0,1353.0,34°02′N 117°36′W﻿ / ﻿34.04°N 117.60°W﻿ / 34.04; -117.60﻿ (Ontario)
146,Eugene,Oregon,177923.0,176654.0,+0.72,44.2,114.5,3997.0,1543.0,44°04′N 123°07′W﻿ / ﻿44.06°N 123.12°W﻿ / 44.06; -123.12﻿ (Eugene)
147,Aurora,Illinois,177866.0,180542.0,−1.48,45.0,116.5,4012.0,1549.0,41°46′N 88°17′W﻿ / ﻿41.76°N 88.29°W﻿ / 41.76; -88.29﻿ (Aurora)
148,Elk Grove,California,177558.0,176124.0,+0.81,42.0,108.8,4193.0,1619.0,38°25′N 121°23′W﻿ / ﻿38.41°N 121.38°W﻿ / 38.41; -121.38﻿ (Elk Grove)
149,Salem,Oregon,177487.0,175535.0,+1.11,48.8,126.4,3597.0,1389.0,44°55′N 123°01′W﻿ / ﻿44.92°N 123.02°W﻿ / 44.92; -123.02﻿ (Salem)
150,Santa Rosa,California,177181.0,178127.0,−0.53,42.5,110.1,4191.0,1618.0,38°27′N 122°43′W﻿ / ﻿38.45°N 122.71°W﻿ / 38.45; -122.71﻿ (Santa Rosa)
151,Clarksville,Tennessee,176974.0,166722.0,+6.15,99.4,257.4,1677.0,647.0,36°34′N 87°21′W﻿ / ﻿36.57°N 87.35°W﻿ / 36.57; -87.35﻿ (Clarksville)
152,Rancho Cucamonga,California,176336.0,174453.0,+1.08,40.1,103.9,4350.0,1680.0,34°07′N 117°34′W﻿ / ﻿34.12°N 117.56°W﻿ / 34.12; -117.56﻿ (Rancho Cucamonga)
153,Oceanside,California,172199.0,174068.0,−1.07,41.3,107.0,4215.0,1627.0,33°13′N 117°19′W﻿ / ﻿33.22°N 117.31°W﻿ / 33.22; -117.31﻿ (Oceanside)
154,Springfield,Missouri,170067.0,169176.0,+0.53,82.4,213.4,2053.0,793.0,37°11′N 93°17′W﻿ / ﻿37.19°N 93.29°W﻿ / 37.19; -93.29﻿ (Springfield)
155,Pembroke Pines,Florida,169876.0,171178.0,−0.76,32.7,84.7,5235.0,2021.0,26°01′N 80°20′W﻿ / ﻿26.01°N 80.34°W﻿ / 26.01; -80.34﻿ (Pembroke Pines)
156,Garden Grove,California,169254.0,171949.0,−1.57,18.0,46.6,9553.0,3688.0,33°47′N 117°58′W﻿ / ﻿33.78°N 117.96°W﻿ / 33.78; -117.96﻿ (Garden Grove)
157,Fort Collins,Colorado,169249.0,169810.0,−0.33,57.2,148.1,2969.0,1146.0,40°33′N 105°04′W﻿ / ﻿40.55°N 105.06°W﻿ / 40.55; -105.06﻿ (Fort Collins)
158,Lancaster,California,169185.0,173516.0,−2.50,94.3,244.2,1840.0,710.0,34°41′N 118°11′W﻿ / ﻿34.69°N 118.18°W﻿ / 34.69; -118.18﻿ (Lancaster)
159,Palmdale,California,163463.0,169450.0,−3.53,106.1,274.8,1597.0,617.0,34°35′N 118°07′W﻿ / ﻿34.59°N 118.11°W﻿ / 34.59; -118.11﻿ (Palmdale)
160,Murfreesboro,Tennessee,162398.0,152769.0,+6.30,62.9,162.9,2429.0,938.0,35°51′N 86°25′W﻿ / ﻿35.85°N 86.42°W﻿ / 35.85; -86.42﻿ (Murfreesboro)
161,Salinas,California,161020.0,163542.0,−1.54,23.5,60.9,6959.0,2687.0,36°41′N 121°38′W﻿ / ﻿36.69°N 121.63°W﻿ / 36.69; -121.63﻿ (Salinas)
162,Corona,California,159567.0,157136.0,+1.55,39.9,103.3,3938.0,1520.0,33°52′N 117°34′W﻿ / ﻿33.86°N 117.57°W﻿ / 33.86; -117.57﻿ (Corona)
163,Killeen,Texas,159172.0,153095.0,+3.97,54.8,141.9,2794.0,1079.0,31°05′N 97°44′W﻿ / ﻿31.08°N 97.73°W﻿ / 31.08; -97.73﻿ (Killeen)
164,Hayward,California,156754.0,162954.0,−3.80,45.8,118.6,3558.0,1374.0,37°38′N 122°06′W﻿ / ﻿37.63°N 122.10°W﻿ / 37.63; -122.10﻿ (Hayward)
165,Paterson,New Jersey,156661.0,159732.0,−1.92,8.4,21.8,19016.0,7342.0,40°55′N 74°10′W﻿ / ﻿40.91°N 74.16°W﻿ / 40.91; -74.16﻿ (Paterson)
166,Macon,Georgia,156197.0,157346.0,−0.73,249.4,645.9,631.0,244.0,32°49′N 83°41′W﻿ / ﻿32.81°N 83.69°W﻿ / 32.81; -83.69﻿ (Macon)
167,Lakewood,Colorado,156120.0,155984.0,+0.09,43.5,112.7,3586.0,1385.0,39°42′N 105°07′W﻿ / ﻿39.70°N 105.12°W﻿ / 39.70; -105.12﻿ (Lakewood)
168,Alexandria,Virginia,155525.0,159467.0,−2.47,14.9,38.6,10702.0,4132.0,38°49′N 77°05′W﻿ / ﻿38.82°N 77.08°W﻿ / 38.82; -77.08﻿ (Alexandria)
169,Roseville,California,154817.0,147773.0,+4.77,44.1,114.2,3351.0,1294.0,38°46′N 121°19′W﻿ / ﻿38.77°N 121.32°W﻿ / 38.77; -121.32﻿ (Roseville)
170,Surprise,Arizona,154198.0,143148.0,+7.72,110.3,285.7,1298.0,501.0,33°40′N 112°27′W﻿ / ﻿33.67°N 112.45°W﻿ / 33.67; -112.45﻿ (Surprise)
171,Springfield,Massachusetts,154064.0,155929.0,−1.20,31.9,82.6,4888.0,1887.0,42°07′N 72°32′W﻿ / ﻿42.12°N 72.54°W﻿ / 42.12; -72.54﻿ (Springfield)
172,Charleston,South Carolina,153672.0,150227.0,+2.29,114.8,297.3,1309.0,505.0,32°50′N 79°58′W﻿ / ﻿32.83°N 79.97°W﻿ / 32.83; -79.97﻿ (Charleston)
173,Kansas City,Kansas,153345.0,156607.0,−2.08,124.7,323.0,1256.0,485.0,39°07′N 94°44′W﻿ / ﻿39.12°N 94.74°W﻿ / 39.12; -94.74﻿ (Kansas City)
174,Sunnyvale,California,153091.0,155805.0,−1.74,22.1,57.2,7050.0,2720.0,37°23′N 122°02′W﻿ / ﻿37.39°N 122.03°W﻿ / 37.39; -122.03﻿ (Sunnyvale)
175,Bellevue,Washington,152767.0,151854.0,+0.60,33.5,86.8,4533.0,1750.0,47°36′N 122°10′W﻿ / ﻿47.60°N 122.16°W﻿ / 47.60; -122.16﻿ (Bellevue)
176,Hollywood,Florida,152650.0,153067.0,−0.27,27.3,70.7,5607.0,2165.0,26°02′N 80°10′W﻿ / ﻿26.03°N 80.16°W﻿ / 26.03; -80.16﻿ (Hollywood)
177,Denton,Texas,150353.0,139869.0,+7.50,96.4,249.7,1451.0,560.0,33°13′N 97°08′W﻿ / ﻿33.22°N 97.14°W﻿ / 33.22; -97.14﻿ (Denton)
178,Escondido,California,150270.0,151038.0,−0.51,37.3,96.6,4049.0,1563.0,33°08′N 117°04′W﻿ / ﻿33.13°N 117.07°W﻿ / 33.13; -117.07﻿ (Escondido)
179,Joliet,Illinois,150033.0,150362.0,−0.22,64.5,167.1,2331.0,900.0,41°31′N 88°09′W﻿ / ﻿41.52°N 88.15°W﻿ / 41.52; -88.15﻿ (Joliet)
180,Naperville,Illinois,149936.0,149540.0,+0.26,39.1,101.3,3825.0,1477.0,41°45′N 88°10′W﻿ / ﻿41.75°N 88.16°W﻿ / 41.75; -88.16﻿ (Naperville)
181,Bridgeport,Connecticut,148377.0,148654.0,−0.19,16.1,41.7,9233.0,3565.0,41°11′N 73°12′W﻿ / ﻿41.19°N 73.20°W﻿ / 41.19; -73.20﻿ (Bridgeport)
182,Savannah,Georgia,148004.0,147780.0,+0.15,106.8,276.6,1384.0,534.0,32°00′N 81°09′W﻿ / ﻿32.00°N 81.15°W﻿ / 32.00; -81.15﻿ (Savannah)
183,Mesquite,Texas,147899.0,150108.0,−1.47,48.5,125.6,3095.0,1195.0,32°46′N 96°35′W﻿ / ﻿32.76°N 96.59°W﻿ / 32.76; -96.59﻿ (Mesquite)
184,Pasadena,Texas,147662.0,151950.0,−2.82,43.7,113.2,3477.0,1342.0,29°39′N 95°09′W﻿ / ﻿29.65°N 95.15°W﻿ / 29.65; -95.15﻿ (Pasadena)
185,Rockford,Illinois,146713.0,148655.0,−1.31,64.5,167.1,2305.0,890.0,42°16′N 89°04′W﻿ / ﻿42.26°N 89.06°W﻿ / 42.26; -89.06﻿ (Rockford)
186,Pomona,California,146017.0,151713.0,−3.75,23.0,59.6,6596.0,2547.0,34°04′N 117°46′W﻿ / ﻿34.06°N 117.76°W﻿ / 34.06; -117.76﻿ (Pomona)
187,Jackson,Mississippi,145995.0,153701.0,−5.01,111.7,289.3,1376.0,531.0,32°19′N 90°13′W﻿ / ﻿32.32°N 90.21°W﻿ / 32.32; -90.21﻿ (Jackson)
188,Olathe,Kansas,145616.0,141290.0,+3.06,61.9,160.3,2283.0,881.0,38°53′N 94°49′W﻿ / ﻿38.88°N 94.82°W﻿ / 38.88; -94.82﻿ (Olathe)
189,Gainesville,Florida,145214.0,141085.0,+2.93,63.2,163.7,2232.0,862.0,29°41′N 82°21′W﻿ / ﻿29.68°N 82.35°W﻿ / 29.68; -82.35﻿ (Gainesville)
190,McAllen,Texas,144579.0,142210.0,+1.67,62.3,161.4,2283.0,881.0,26°13′N 98°15′W﻿ / ﻿26.22°N 98.25°W﻿ / 26.22; -98.25﻿ (McAllen)
191,Syracuse,New York,144451.0,148620.0,−2.81,25.1,65.0,5921.0,2286.0,43°02′N 76°08′W﻿ / ﻿43.04°N 76.14°W﻿ / 43.04; -76.14﻿ (Syracuse)
192,Waco,Texas,143984.0,138486.0,+3.97,88.7,229.7,1561.0,603.0,31°34′N 97°11′W﻿ / ﻿31.56°N 97.19°W﻿ / 31.56; -97.19﻿ (Waco)
193,Visalia,California,143966.0,141384.0,+1.83,37.9,98.2,3730.0,1440.0,36°20′N 119°20′W﻿ / ﻿36.33°N 119.33°W﻿ / 36.33; -119.33﻿ (Visalia)
194,Thornton,Colorado,143282.0,141867.0,+1.00,35.9,93.0,3952.0,1526.0,39°55′N 104°56′W﻿ / ﻿39.92°N 104.94°W﻿ / 39.92; -104.94﻿ (Thornton)
195,Torrance,California,141126.0,147067.0,−4.04,20.5,53.1,7174.0,2770.0,33°50′N 118°22′W﻿ / ﻿33.83°N 118.36°W﻿ / 33.83; -118.36﻿ (Torrance)
196,Fullerton,California,140541.0,143617.0,−2.14,22.4,58.0,6411.0,2475.0,33°53′N 117°56′W﻿ / ﻿33.89°N 117.93°W﻿ / 33.89; -117.93﻿ (Fullerton)
197,Columbia,South Carolina,139698.0,136632.0,+2.24,136.8,354.3,999.0,386.0,34°02′N 80°55′W﻿ / ﻿34.04°N 80.91°W﻿ / 34.04; -80.91﻿ (Columbia)
198,Lakewood,New Jersey,139506.0,135158.0,+3.22,24.7,64.0,5472.0,2113.0,40°05′N 74°12′W﻿ / ﻿40.08°N 74.20°W﻿ / 40.08; -74.20﻿ (Lakewood)
199,New Haven,Connecticut,138915.0,134023.0,+3.65,18.7,48.4,7167.0,2767.0,41°19′N 72°55′W﻿ / ﻿41.31°N 72.92°W﻿ / 41.31; -72.92﻿ (New Haven)
200,Hampton,Virginia,138037.0,137148.0,+0.65,51.5,133.4,2663.0,1028.0,37°03′N 76°18′W﻿ / ﻿37.05°N 76.30°W﻿ / 37.05; -76.30﻿ (Hampton)
201,Miramar,Florida,137228.0,134721.0,+1.86,28.9,74.9,4662.0,1800.0,25°58′N 80°20′W﻿ / ﻿25.97°N 80.34°W﻿ / 25.97; -80.34﻿ (Miramar)
202,Victorville,California,137221.0,134810.0,+1.79,73.7,190.9,1829.0,706.0,34°32′N 117°21′W﻿ / ﻿34.53°N 117.35°W﻿ / 34.53; -117.35﻿ (Victorville)
203,Warren,Michigan,137107.0,139387.0,−1.64,34.4,89.1,4052.0,1564.0,42°29′N 83°02′W﻿ / ﻿42.49°N 83.03°W﻿ / 42.49; -83.03﻿ (Warren)
204,West Valley City,Utah,136650.0,140230.0,−2.55,35.8,92.7,3917.0,1512.0,40°41′N 112°01′W﻿ / ﻿40.69°N 112.01°W﻿ / 40.69; -112.01﻿ (West Valley City)
205,Cedar Rapids,Iowa,136429.0,137710.0,−0.93,72.1,186.7,1910.0,740.0,41°58′N 91°41′W﻿ / ﻿41.97°N 91.68°W﻿ / 41.97; -91.68﻿ (Cedar Rapids)
206,Stamford,Connecticut,136188.0,135470.0,+0.53,37.6,97.4,3603.0,1391.0,41°05′N 73°33′W﻿ / ﻿41.08°N 73.55°W﻿ / 41.08; -73.55﻿ (Stamford)
207,Orange,California,136178.0,139911.0,−2.67,25.7,66.6,5444.0,2102.0,33°47′N 117°52′W﻿ / ﻿33.79°N 117.86°W﻿ / 33.79; -117.86﻿ (Orange)
208,Dayton,Ohio,135944.0,137644.0,−1.24,55.8,144.5,2467.0,953.0,39°47′N 84°12′W﻿ / ﻿39.78°N 84.20°W﻿ / 39.78; -84.20﻿ (Dayton)
209,Midland,Texas,134444.0,132524.0,+1.45,75.5,195.5,1755.0,678.0,32°01′N 102°07′W﻿ / ﻿32.02°N 102.11°W﻿ / 32.02; -102.11﻿ (Midland)
210,Kent,Washington,134392.0,136588.0,−1.61,33.8,87.5,4041.0,1560.0,47°23′N 122°13′W﻿ / ﻿47.39°N 122.21°W﻿ / 47.39; -122.21﻿ (Kent)
211,Elizabeth,New Jersey,134283.0,137298.0,−2.20,12.3,31.9,11162.0,4310.0,40°40′N 74°11′W﻿ / ﻿40.67°N 74.19°W﻿ / 40.67; -74.19﻿ (Elizabeth)
212,Pasadena,California,134211.0,138699.0,−3.24,23.0,59.6,6030.0,2330.0,34°10′N 118°08′W﻿ / ﻿34.16°N 118.14°W﻿ / 34.16; -118.14﻿ (Pasadena)
213,Carrollton,Texas,133820.0,133434.0,+0.29,36.7,95.1,3636.0,1404.0,32°59′N 96°54′W﻿ / ﻿32.99°N 96.90°W﻿ / 32.99; -96.90﻿ (Carrollton)
214,Coral Springs,Florida,133369.0,134394.0,−0.76,22.9,59.3,5869.0,2266.0,26°16′N 80°16′W﻿ / ﻿26.27°N 80.26°W﻿ / 26.27; -80.26﻿ (Coral Springs)
215,Sterling Heights,Michigan,132567.0,134346.0,−1.32,36.4,94.3,3691.0,1425.0,42°35′N 83°02′W﻿ / ﻿42.58°N 83.03°W﻿ / 42.58; -83.03﻿ (Sterling Heights)
216,Fargo,North Dakota,131444.0,125990.0,+4.33,49.8,129.0,2530.0,980.0,46°52′N 96°50′W﻿ / ﻿46.86°N 96.83°W﻿ / 46.86; -96.83﻿ (Fargo)
217,Lewisville,Texas,131215.0,111822.0,+17.34,37.0,95.8,3022.0,1167.0,33°03′N 96°59′W﻿ / ﻿33.05°N 96.98°W﻿ / 33.05; -96.98﻿ (Lewisville)
218,Meridian,Idaho,129736.0,117635.0,+10.29,35.1,90.9,3351.0,1294.0,43°37′N 116°24′W﻿ / ﻿43.61°N 116.40°W﻿ / 43.61; -116.40﻿ (Meridian)
219,Norman,Oklahoma,129627.0,128026.0,+1.25,178.8,463.1,716.0,276.0,35°14′N 97°21′W﻿ / ﻿35.24°N 97.35°W﻿ / 35.24; -97.35﻿ (Norman)
220,Palm Bay,Florida,129234.0,119760.0,+7.91,86.4,223.8,1386.0,535.0,27°58′N 80°40′W﻿ / ﻿27.96°N 80.66°W﻿ / 27.96; -80.66﻿ (Palm Bay)
221,Athens,Georgia,128561.0,127315.0,+0.98,116.3,301.2,1095.0,423.0,33°57′N 83°22′W﻿ / ﻿33.95°N 83.37°W﻿ / 33.95; -83.37﻿ (Athens)
222,Columbia,Missouri,128555.0,126254.0,+1.82,66.5,172.2,1899.0,733.0,38°57′N 92°20′W﻿ / ﻿38.95°N 92.33°W﻿ / 38.95; -92.33﻿ (Columbia)
223,Abilene,Texas,127385.0,125182.0,+1.76,106.7,276.4,1173.0,453.0,32°27′N 99°44′W﻿ / ﻿32.45°N 99.74°W﻿ / 32.45; -99.74﻿ (Abilene)
224,Pearland,Texas,126949.0,125828.0,+0.89,48.7,126.1,2584.0,998.0,29°34′N 95°19′W﻿ / ﻿29.56°N 95.32°W﻿ / 29.56; -95.32﻿ (Pearland)
225,Santa Clara,California,126930.0,127647.0,−0.56,18.3,47.4,6975.0,2693.0,37°22′N 121°58′W﻿ / ﻿37.36°N 121.97°W﻿ / 37.36; -121.97﻿ (Santa Clara)
226,Round Rock,Texas,126697.0,119468.0,+6.05,37.6,97.4,3177.0,1227.0,30°32′N 97°40′W﻿ / ﻿30.53°N 97.66°W﻿ / 30.53; -97.66﻿ (Round Rock)
227,Topeka,Kansas,125449.0,126587.0,−0.90,61.4,159.0,2062.0,796.0,39°02′N 95°41′W﻿ / ﻿39.03°N 95.69°W﻿ / 39.03; -95.69﻿ (Topeka)
228,Allentown,Pennsylvania,125094.0,125845.0,−0.60,17.6,45.6,7150.0,2760.0,40°35′N 75°29′W﻿ / ﻿40.59°N 75.48°W﻿ / 40.59; -75.48﻿ (Allentown)
229,Clovis,California,124556.0,120124.0,+3.69,25.4,65.8,4729.0,1826.0,36°50′N 119°41′W﻿ / ﻿36.83°N 119.68°W﻿ / 36.83; -119.68﻿ (Clovis)
230,Simi Valley,California,124398.0,126356.0,−1.55,41.5,107.5,3045.0,1176.0,34°16′N 118°45′W﻿ / ﻿34.27°N 118.75°W﻿ / 34.27; -118.75﻿ (Simi Valley)
231,College Station,Texas,124319.0,120511.0,+3.16,51.2,132.6,2354.0,909.0,30°35′N 96°18′W﻿ / ﻿30.59°N 96.30°W﻿ / 30.59; -96.30﻿ (College Station)
232,Thousand Oaks,California,124265.0,126966.0,−2.13,55.3,143.2,2296.0,886.0,34°11′N 118°52′W﻿ / ﻿34.19°N 118.87°W﻿ / 34.19; -118.87﻿ (Thousand Oaks)
233,Vallejo,California,123564.0,126090.0,−2.00,30.4,78.7,4148.0,1602.0,38°07′N 122°16′W﻿ / ﻿38.11°N 122.26°W﻿ / 38.11; -122.26﻿ (Vallejo)
234,Concord,California,122625.0,125410.0,−2.22,30.6,79.3,4098.0,1582.0,37°58′N 122°00′W﻿ / ﻿37.97°N 122.00°W﻿ / 37.97; -122.00﻿ (Concord)
235,Rochester,Minnesota,121878.0,121395.0,+0.40,55.5,143.7,2187.0,844.0,44°01′N 92°29′W﻿ / ﻿44.02°N 92.48°W﻿ / 44.02; -92.48﻿ (Rochester)
236,Arvada,Colorado,121581.0,124402.0,−2.27,38.9,100.8,3198.0,1235.0,39°50′N 105°09′W﻿ / ﻿39.83°N 105.15°W﻿ / 39.83; -105.15﻿ (Arvada)
237,Lafayette,Louisiana,121389.0,121374.0,+0.01,55.8,144.5,2175.0,840.0,30°13′N 92°02′W﻿ / ﻿30.21°N 92.03°W﻿ / 30.21; -92.03﻿ (Lafayette)
238,Independence,Missouri,121202.0,123011.0,−1.47,78.0,202.0,1577.0,609.0,39°05′N 94°21′W﻿ / ﻿39.09°N 94.35°W﻿ / 39.09; -94.35﻿ (Independence)
239,West Palm Beach,Florida,120932.0,117415.0,+3.00,53.8,139.3,2182.0,842.0,26°45′N 80°08′W﻿ / ﻿26.75°N 80.13°W﻿ / 26.75; -80.13﻿ (West Palm Beach)
240,Hartford,Connecticut,120686.0,121054.0,−0.30,17.4,45.1,6957.0,2686.0,41°46′N 72°41′W﻿ / ﻿41.77°N 72.68°W﻿ / 41.77; -72.68﻿ (Hartford)
241,Wilmington,North Carolina,120324.0,115451.0,+4.22,51.4,133.1,2246.0,867.0,34°13′N 77°53′W﻿ / ﻿34.21°N 77.89°W﻿ / 34.21; -77.89﻿ (Wilmington)
242,Lakeland,Florida,120071.0,112641.0,+6.60,66.2,171.5,1702.0,657.0,28°04′N 81°57′W﻿ / ﻿28.06°N 81.95°W﻿ / 28.06; -81.95﻿ (Lakeland)
243,Billings,Montana,119960.0,117116.0,+2.43,44.8,116.0,2614.0,1009.0,45°47′N 108°33′W﻿ / ﻿45.79°N 108.55°W﻿ / 45.79; -108.55﻿ (Billings)
244,Ann Arbor,Michigan,119875.0,123851.0,−3.21,28.2,73.0,4392.0,1696.0,42°17′N 83°44′W﻿ / ﻿42.28°N 83.73°W﻿ / 42.28; -83.73﻿ (Ann Arbor)
245,Fairfield,California,119338.0,119881.0,−0.45,41.6,107.7,2882.0,1113.0,38°16′N 122°02′W﻿ / ﻿38.26°N 122.03°W﻿ / 38.26; -122.03﻿ (Fairfield)
246,Berkeley,California,118950.0,124321.0,−4.32,10.4,26.9,11954.0,4615.0,37°52′N 122°18′W﻿ / ﻿37.87°N 122.30°W﻿ / 37.87; -122.30﻿ (Berkeley)
247,Richardson,Texas,118802.0,119469.0,−0.56,28.6,74.1,4177.0,1613.0,32°58′N 96°43′W﻿ / ﻿32.97°N 96.71°W﻿ / 32.97; -96.71﻿ (Richardson)
248,North Charleston,South Carolina,118608.0,114852.0,+3.27,77.6,201.0,1480.0,570.0,32°55′N 80°04′W﻿ / ﻿32.92°N 80.07°W﻿ / 32.92; -80.07﻿ (North Charleston)
249,Cambridge,Massachusetts,118488.0,118403.0,+0.07,6.4,16.6,18500.0,7100.0,42°23′N 71°07′W﻿ / ﻿42.38°N 71.12°W﻿ / 42.38; -71.12﻿ (Cambridge)
250,Broken Arrow,Oklahoma,117911.0,113540.0,+3.85,63.0,163.2,1802.0,696.0,36°02′N 95°47′W﻿ / ﻿36.04°N 95.78°W﻿ / 36.04; -95.78﻿ (Broken Arrow)
251,Clearwater,Florida,117027.0,117292.0,−0.23,26.1,67.6,4494.0,1735.0,27°59′N 82°46′W﻿ / ﻿27.98°N 82.77°W﻿ / 27.98; -82.77﻿ (Clearwater)
252,West Jordan,Utah,116664.0,116961.0,−0.25,32.3,83.7,3621.0,1398.0,40°36′N 112°00′W﻿ / ﻿40.60°N 112.00°W﻿ / 40.60; -112.00﻿ (West Jordan)
253,Evansville,Indiana,115749.0,117298.0,−1.32,47.4,122.8,2475.0,956.0,37°59′N 87°32′W﻿ / ﻿37.99°N 87.53°W﻿ / 37.99; -87.53﻿ (Evansville)
254,League City,Texas,115418.0,114392.0,+0.90,51.3,132.9,2230.0,860.0,29°29′N 95°07′W﻿ / ﻿29.49°N 95.11°W﻿ / 29.49; -95.11﻿ (League City)
255,Antioch,California,115264.0,115291.0,−0.02,29.2,75.6,3948.0,1524.0,37°59′N 121°48′W﻿ / ﻿37.98°N 121.80°W﻿ / 37.98; -121.80﻿ (Antioch)
256,Manchester,New Hampshire,115141.0,115644.0,−0.43,33.1,85.7,3494.0,1349.0,42°59′N 71°26′W﻿ / ﻿42.98°N 71.44°W﻿ / 42.98; -71.44﻿ (Manchester)
257,High Point,North Carolina,115067.0,114059.0,+0.88,56.4,146.1,2022.0,781.0,35°59′N 79°59′W﻿ / ﻿35.99°N 79.99°W﻿ / 35.99; -79.99﻿ (High Point)
258,Waterbury,Connecticut,115016.0,114403.0,+0.54,28.5,73.8,4014.0,1550.0,41°34′N 73°02′W﻿ / ﻿41.56°N 73.04°W﻿ / 41.56; -73.04﻿ (Waterbury)
259,Westminster,Colorado,114533.0,116317.0,−1.53,31.6,81.8,3681.0,1421.0,39°53′N 105°04′W﻿ / ﻿39.88°N 105.06°W﻿ / 39.88; -105.06﻿ (Westminster)
260,Richmond,California,114301.0,116448.0,−1.84,30.1,78.0,3869.0,1494.0,37°57′N 122°22′W﻿ / ﻿37.95°N 122.36°W﻿ / 37.95; -122.36﻿ (Richmond)
261,Carlsbad,California,114160.0,114746.0,−0.51,37.8,97.9,3036.0,1172.0,33°08′N 117°17′W﻿ / ﻿33.13°N 117.28°W﻿ / 33.13; -117.28﻿ (Carlsbad)
262,Las Cruces,New Mexico,113888.0,111385.0,+2.25,76.9,199.2,1448.0,559.0,32°20′N 106°47′W﻿ / ﻿32.33°N 106.79°W﻿ / 32.33; -106.79﻿ (Las Cruces)
263,Murrieta,California,113783.0,110949.0,+2.55,33.6,87.0,3302.0,1275.0,33°34′N 117°11′W﻿ / ﻿33.57°N 117.19°W﻿ / 33.57; -117.19﻿ (Murrieta)
264,Lowell,Massachusetts,113608.0,115554.0,−1.68,13.6,35.2,8497.0,3281.0,42°38′N 71°19′W﻿ / ﻿42.64°N 71.32°W﻿ / 42.64; -71.32﻿ (Lowell)
265,Provo,Utah,113523.0,115162.0,−1.42,41.7,108.0,2762.0,1066.0,40°15′N 111°39′W﻿ / ﻿40.25°N 111.65°W﻿ / 40.25; -111.65﻿ (Provo)
266,Springfield,Illinois,113273.0,114394.0,−0.98,61.1,158.2,1872.0,723.0,39°47′N 89°38′W﻿ / ﻿39.79°N 89.64°W﻿ / 39.79; -89.64﻿ (Springfield)
267,Elgin,Illinois,113177.0,114797.0,−1.41,38.0,98.4,3021.0,1166.0,42°02′N 88°20′W﻿ / ﻿42.04°N 88.33°W﻿ / 42.04; -88.33﻿ (Elgin)
268,Odessa,Texas,112906.0,114428.0,−1.33,51.1,132.3,2239.0,864.0,31°53′N 102°21′W﻿ / ﻿31.88°N 102.35°W﻿ / 31.88; -102.35﻿ (Odessa)
269,Lansing,Michigan,112537.0,112644.0,−0.09,39.1,101.3,2881.0,1112.0,42°43′N 84°34′W﻿ / ﻿42.71°N 84.56°W﻿ / 42.71; -84.56﻿ (Lansing)
270,Pompano Beach,Florida,112302.0,112046.0,+0.23,24.0,62.2,4669.0,1803.0,26°14′N 80°08′W﻿ / ﻿26.24°N 80.13°W﻿ / 26.24; -80.13﻿ (Pompano Beach)
271,Beaumont,Texas,112089.0,115282.0,−2.77,82.5,213.7,1397.0,539.0,30°05′N 94°09′W﻿ / ﻿30.08°N 94.15°W﻿ / 30.08; -94.15﻿ (Beaumont)
272,Temecula,California,111752.0,110003.0,+1.59,37.3,96.6,2949.0,1139.0,33°29′N 117°08′W﻿ / ﻿33.49°N 117.13°W﻿ / 33.49; -117.13﻿ (Temecula)
273,Gresham,Oregon,111621.0,114247.0,−2.30,23.5,60.9,4862.0,1877.0,45°30′N 122°26′W﻿ / ﻿45.50°N 122.44°W﻿ / 45.50; -122.44﻿ (Gresham)
274,Allen,Texas,111551.0,104627.0,+6.62,26.4,68.4,3963.0,1530.0,33°07′N 96°40′W﻿ / ﻿33.11°N 96.67°W﻿ / 33.11; -96.67﻿ (Allen)
275,Pueblo,Colorado,111456.0,111876.0,−0.38,55.4,143.5,2019.0,780.0,38°16′N 104°37′W﻿ / ﻿38.27°N 104.61°W﻿ / 38.27; -104.61﻿ (Pueblo)
276,Everett,Washington,111337.0,110629.0,+0.64,33.2,86.0,3332.0,1286.0,47°57′N 122°11′W﻿ / ﻿47.95°N 122.19°W﻿ / 47.95; -122.19﻿ (Everett)
277,South Fulton,Georgia,111158.0,107436.0,+3.46,85.2,220.7,1261.0,487.0,33°40′N 84°34′W﻿ / ﻿33.66°N 84.57°W﻿ / 33.66; -84.57﻿ (South Fulton)
278,Peoria,Illinois,111021.0,113150.0,−1.88,48.0,124.3,2357.0,910.0,40°45′N 89°37′W﻿ / ﻿40.75°N 89.62°W﻿ / 40.75; -89.62﻿ (Peoria)
279,Nampa,Idaho,110951.0,100200.0,+10.73,33.5,86.8,2991.0,1155.0,43°35′N 116°34′W﻿ / ﻿43.58°N 116.56°W﻿ / 43.58; -116.56﻿ (Nampa)
280,Tuscaloosa,Alabama,110602.0,99600.0,+11.05,61.9,160.3,1609.0,621.0,33°14′N 87°32′W﻿ / ﻿33.23°N 87.53°W﻿ / 33.23; -87.53﻿ (Tuscaloosa)
281,Miami Gardens,Florida,110497.0,111640.0,−1.02,18.2,47.1,6134.0,2368.0,25°57′N 80°14′W﻿ / ﻿25.95°N 80.24°W﻿ / 25.95; -80.24﻿ (Miami Gardens)
282,Santa Maria,California,110125.0,109707.0,+0.38,22.8,59.1,4812.0,1858.0,34°56′N 120°26′W﻿ / ﻿34.93°N 120.44°W﻿ / 34.93; -120.44﻿ (Santa Maria)
283,Downey,California,109934.0,114355.0,−3.87,12.4,32.1,9222.0,3561.0,33°56′N 118°08′W﻿ / ﻿33.94°N 118.13°W﻿ / 33.94; -118.13﻿ (Downey)
284,Concord,North Carolina,109896.0,105240.0,+4.42,63.5,164.5,1657.0,640.0,35°23′N 80°38′W﻿ / ﻿35.39°N 80.64°W﻿ / 35.39; -80.64﻿ (Concord)
285,Venturaa,California,109527.0,110763.0,−1.12,21.9,56.7,5058.0,1953.0,34°16′N 119°15′W﻿ / ﻿34.27°N 119.25°W﻿ / 34.27; -119.25﻿ (Ventura)
286,Costa Mesa,California,109521.0,111918.0,−2.14,15.8,40.9,7083.0,2735.0,33°40′N 117°55′W﻿ / ﻿33.67°N 117.91°W﻿ / 33.67; -117.91﻿ (Costa Mesa)
287,Sugar Land,Texas,109414.0,111026.0,−1.45,40.5,104.9,2741.0,1058.0,29°35′N 95°38′W﻿ / ﻿29.59°N 95.63°W﻿ / 29.59; -95.63﻿ (Sugar Land)
288,Menifee,California,109399.0,102527.0,+6.70,46.5,120.4,2205.0,851.0,33°41′N 117°11′W﻿ / ﻿33.69°N 117.18°W﻿ / 33.69; -117.18﻿ (Menifee)
289,Tyler,Texas,109286.0,105995.0,+3.10,57.5,148.9,1843.0,712.0,32°19′N 95°19′W﻿ / ﻿32.32°N 95.31°W﻿ / 32.32; -95.31﻿ (Tyler)
290,Sparks,Nevada,109226.0,108445.0,+0.72,36.4,94.3,2979.0,1150.0,39°34′N 119°43′W﻿ / ﻿39.57°N 119.72°W﻿ / 39.57; -119.72﻿ (Sparks)
291,Greeley,Colorado,109209.0,108795.0,+0.38,48.9,126.7,2225.0,859.0,40°25′N 104°46′W﻿ / ﻿40.41°N 104.77°W﻿ / 40.41; -104.77﻿ (Greeley)
292,Rio Rancho,New Mexico,108082.0,104046.0,+3.88,103.4,267.8,1006.0,388.0,35°17′N 106°42′W﻿ / ﻿35.29°N 106.70°W﻿ / 35.29; -106.70﻿ (Rio Rancho)
293,Sandy Springs,Georgia,107763.0,108080.0,−0.29,37.7,97.6,2867.0,1107.0,33°56′N 84°22′W﻿ / ﻿33.93°N 84.37°W﻿ / 33.93; -84.37﻿ (Sandy Springs)
294,Dearborn,Michigan,107710.0,109976.0,−2.06,24.2,62.7,4544.0,1754.0,42°19′N 83°13′W﻿ / ﻿42.31°N 83.21°W﻿ / 42.31; -83.21﻿ (Dearborn)
295,Jurupa Valley,California,107609.0,105053.0,+2.43,42.9,111.1,2449.0,946.0,34°00′N 117°28′W﻿ / ﻿34.00°N 117.47°W﻿ / 34.00; -117.47﻿ (Jurupa Valley)
296,Edison,New Jersey,107361.0,107588.0,−0.21,30.1,78.0,3574.0,1380.0,40°30′N 74°21′W﻿ / ﻿40.50°N 74.35°W﻿ / 40.50; -74.35﻿ (Edison)
297,Spokane Valley,Washington,107325.0,102976.0,+4.22,37.7,97.6,2731.0,1054.0,47°40′N 117°14′W﻿ / ﻿47.66°N 117.23°W﻿ / 47.66; -117.23﻿ (Spokane Valley)
298,Hillsboro,Oregon,107299.0,106447.0,+0.80,25.7,66.6,4142.0,1599.0,45°32′N 122°56′W﻿ / ﻿45.53°N 122.94°W﻿ / 45.53; -122.94﻿ (Hillsboro)
299,Davie,Florida,106513.0,105691.0,+0.78,34.9,90.4,3028.0,1169.0,26°05′N 80°17′W﻿ / ﻿26.08°N 80.28°W﻿ / 26.08; -80.28﻿ (Davie)
300,Green Bay,Wisconsin,106095.0,107395.0,−1.21,45.5,117.8,2360.0,910.0,44°31′N 87°59′W﻿ / ﻿44.52°N 87.99°W﻿ / 44.52; -87.99﻿ (Green Bay)
301,Centennial,Colorado,105865.0,108418.0,−2.35,29.7,76.9,3650.0,1410.0,39°35′N 104°52′W﻿ / ﻿39.59°N 104.87°W﻿ / 39.59; -104.87﻿ (Centennial)
302,Buckeye,Arizona,105567.0,91502.0,+15.37,393.0,1017.9,233.0,90.0,33°26′N 112°38′W﻿ / ﻿33.43°N 112.64°W﻿ / 33.43; -112.64﻿ (Buckeye)
303,Boulder,Colorado,105485.0,108250.0,−2.55,26.3,68.1,4116.0,1589.0,40°01′N 105°15′W﻿ / ﻿40.02°N 105.25°W﻿ / 40.02; -105.25﻿ (Boulder)
304,Goodyear,Arizona,105406.0,95294.0,+10.61,191.3,495.5,498.0,192.0,33°15′N 112°22′W﻿ / ﻿33.25°N 112.37°W﻿ / 33.25; -112.37﻿ (Goodyear)
305,El Monte,California,105312.0,109450.0,−3.78,9.6,24.9,11401.0,4402.0,34°04′N 118°02′W﻿ / ﻿34.07°N 118.03°W﻿ / 34.07; -118.03﻿ (El Monte)
306,West Covina,California,105013.0,109501.0,−4.10,16.0,41.4,6844.0,2642.0,34°04′N 117°55′W﻿ / ﻿34.06°N 117.91°W﻿ / 34.06; -117.91﻿ (West Covina)
307,Brockton,Massachusetts,104826.0,105643.0,−0.77,21.3,55.2,4960.0,1920.0,42°05′N 71°01′W﻿ / ﻿42.08°N 71.02°W﻿ / 42.08; -71.02﻿ (Brockton)
308,New Braunfels,Texas,104707.0,90403.0,+15.82,45.2,117.1,2000.0,770.0,29°42′N 98°07′W﻿ / ﻿29.70°N 98.12°W﻿ / 29.70; -98.12﻿ (New Braunfels)
309,El Cajon,California,104414.0,106215.0,−1.70,14.5,37.6,7325.0,2828.0,32°48′N 116°58′W﻿ / ﻿32.80°N 116.96°W﻿ / 32.80; -116.96﻿ (El Cajon)
310,Edinburg,Texas,104294.0,100243.0,+4.04,44.7,115.8,2243.0,866.0,26°19′N 98°10′W﻿ / ﻿26.32°N 98.16°W﻿ / 26.32; -98.16﻿ (Edinburg)
311,Renton,Washington,104047.0,106785.0,−2.56,23.5,60.9,4544.0,1754.0,47°29′N 122°11′W﻿ / ﻿47.48°N 122.19°W﻿ / 47.48; -122.19﻿ (Renton)
312,Burbank,California,103920.0,107337.0,−3.18,17.3,44.8,6204.0,2395.0,34°11′N 118°20′W﻿ / ﻿34.19°N 118.33°W﻿ / 34.19; -118.33﻿ (Burbank)
313,Inglewood,California,103621.0,107762.0,−3.84,9.1,23.6,11842.0,4572.0,33°58′N 118°20′W﻿ / ﻿33.96°N 118.34°W﻿ / 33.96; -118.34﻿ (Inglewood)
314,Rialto,California,103545.0,104026.0,−0.46,24.1,62.4,4316.0,1666.0,34°07′N 117°23′W﻿ / ﻿34.12°N 117.39°W﻿ / 34.12; -117.39﻿ (Rialto)
315,Lee's Summit,Missouri,103465.0,101108.0,+2.33,63.9,165.5,1582.0,611.0,38°55′N 94°23′W﻿ / ﻿38.92°N 94.38°W﻿ / 38.92; -94.38﻿ (Lee's Summit)
316,Bend,Oregon,103254.0,99178.0,+4.11,33.6,87.0,2952.0,1140.0,44°04′N 121°19′W﻿ / ﻿44.06°N 121.31°W﻿ / 44.06; -121.31﻿ (Bend)
317,Woodbridge,New Jersey,103229.0,103639.0,−0.40,23.3,60.3,4448.0,1717.0,40°34′N 74°17′W﻿ / ﻿40.56°N 74.29°W﻿ / 40.56; -74.29﻿ (Woodbridge)
318,South Bend,Indiana,103110.0,103453.0,−0.33,42.0,108.8,2463.0,951.0,41°41′N 86°16′W﻿ / ﻿41.68°N 86.27°W﻿ / 41.68; -86.27﻿ (South Bend)
319,Wichita Falls,Texas,102664.0,102316.0,+0.34,72.0,186.5,1421.0,549.0,33°55′N 98°32′W﻿ / ﻿33.91°N 98.53°W﻿ / 33.91; -98.53﻿ (Wichita Falls)
320,St. George,Utah,102519.0,95342.0,+7.53,78.5,203.3,1215.0,469.0,37°05′N 113°34′W﻿ / ﻿37.08°N 113.56°W﻿ / 37.08; -113.56﻿ (St. George)
321,Fishers,Indiana,101966.0,98977.0,+3.02,35.6,92.2,2780.0,1070.0,39°58′N 85°58′W﻿ / ﻿39.96°N 85.97°W﻿ / 39.96; -85.97﻿ (Fishers)
322,Carmel,Indiana,101964.0,99757.0,+2.21,49.1,127.2,2032.0,785.0,39°58′N 86°09′W﻿ / ﻿39.97°N 86.15°W﻿ / 39.97; -86.15﻿ (Carmel)
323,Vacaville,California,101918.0,102386.0,−0.46,29.9,77.4,3424.0,1322.0,38°22′N 121°58′W﻿ / ﻿38.36°N 121.97°W﻿ / 38.36; -121.97﻿ (Vacaville)
324,Quincy,Massachusetts,101727.0,101636.0,+0.09,16.6,43.0,6123.0,2364.0,42°16′N 71°01′W﻿ / ﻿42.26°N 71.01°W﻿ / 42.26; -71.01﻿ (Quincy)
325,Conroe,Texas,101405.0,89956.0,+12.73,72.0,186.5,1249.0,482.0,30°19′N 95°29′W﻿ / ﻿30.32°N 95.49°W﻿ / 30.32; -95.49﻿ (Conroe)
326,Chico,California,101299.0,101475.0,−0.17,34.1,88.3,2976.0,1149.0,39°46′N 121°49′W﻿ / ﻿39.76°N 121.82°W﻿ / 39.76; -121.82﻿ (Chico)
327,San Mateo,California,100984.0,105661.0,−4.43,12.1,31.3,8732.0,3371.0,37°34′N 122°19′W﻿ / ﻿37.56°N 122.31°W﻿ / 37.56; -122.31﻿ (San Mateo)
328,Lynn,Massachusetts,100891.0,101253.0,−0.36,10.7,27.7,9463.0,3654.0,42°28′N 70°58′W﻿ / ﻿42.47°N 70.96°W﻿ / 42.47; -70.96﻿ (Lynn)
329,Albany,New York,100826.0,99224.0,+1.61,21.4,55.4,4637.0,1790.0,42°40′N 73°48′W﻿ / ﻿42.67°N 73.80°W﻿ / 42.67; -73.80﻿ (Albany)
330,Hesperia,California,100744.0,99818.0,+0.93,72.7,188.3,1373.0,530.0,34°24′N 117°19′W﻿ / ﻿34.40°N 117.32°W﻿ / 34.40; -117.32﻿ (Hesperia)
331,New Bedford,Massachusetts,100682.0,101079.0,−0.39,20.0,51.8,5054.0,1951.0,41°40′N 70°56′W﻿ / ﻿41.66°N 70.94°W﻿ / 41.66; -70.94﻿ (New Bedford)
332,Davenport,Iowa,100486.0,101724.0,−1.22,63.8,165.2,1594.0,615.0,41°34′N 90°36′W﻿ / ﻿41.56°N 90.60°W﻿ / 41.56; -90.60﻿ (Davenport)
333,Daly City,California,100007.0,104901.0,−4.67,7.6,19.7,13803.0,5329.0,37°41′N 122°28′W﻿ / ﻿37.69°N 122.47°W﻿ / 37.69; -122.47﻿ (Daly City)
